cliente_id,edad,genero,ingreso_mensual,nivel_educacion,usa_app,usa_web,satisfaccion,num_productos,reclamos_ult_6m,tasa_credito,region,respondio_oferta
05285707-0deb-40a8-b77f-c0543e5691a8,56,F,955.94,tecnico,1,0,5,1,1,0.219,centro,0
7b8e1324-188f-4eef-aecf-3dcc5a6c3572,69,M,2933.34,universitario,1,0,4,1,1,0.181,norte,0
b8dc9f65-f347-4337-9b2b-c7d63a51c03e,46,M,3460.88,tecnico,1,0,5,5,1,0.111,oriente,0
0c69394a-29f7-4840-9f65-1125e8aa85d0,32,F,2960.77,posgrado,1,0,1,2,0,0.246,oriente,0
df835a75-46a4-4fa8-96c5-641384838843,60,M,519.07,tecnico,1,0,5,1,1,0.169,oriente,0
5c5cbfcb-7571-4deb-916a-a8782c6e4a6b,25,M,2893.06,universitario,1,1,4,1,2,0.237,centro,0
ab2bde9a-87a7-4ebc-aae6-2030fefbce8b,38,F,1434.64,universitario,1,0,3,2,1,0.137,sur,0
0da21631-c70e-446a-966d-1ec99f928a19,56,M,3803.61,universitario,1,1,3,5,1,0.145,sur,1
d0638ed7-3dff-4f78-adba-b859d7f5e3aa,36,M,3439.92,secundaria,1,0,5,1,1,0.243,sur,0
975c77d3-956d-400b-8339-a705be51a3a2,40,M,1872.14,tecnico,1,1,2,5,2,0.217,sur,0
5d410594-8542-48da-bf76-2823e5ee6f30,28,F,2383.36,posgrado,1,0,3,4,1,0.178,sur,0
4693434a-73f4-4283-b6e1-61b4ba8f81b8,28,F,1728.94,posgrado,1,1,5,5,0,0.218,centro,0
82ca7381-392b-4772-8af1-d65f02ed154f,41,F,2924.79,posgrado,1,1,4,3,1,0.152,centro,0
48d27e7d-9a2c-445e-9bd5-ddefadb8d8b1,53,M,4146.17,secundaria,1,1,5,3,0,0.206,sur,1
060c1f60-ee46-49ff-86e1-bb0b88807a9e,57,M,1817.13,secundaria,1,0,3,5,0,0.206,centro,0
ae3f0b31-8ec7-4aa0-a690-11af7d2a9be6,41,F,3604.86,universitario,0,1,4,3,0,0.181,centro,1
756e0200-2954-4af4-b107-fc2450b4ab34,20,M,2363.69,posgrado,1,1,5,4,0,0.158,sur,0
0afc81d4-489b-4850-a713-925c308faa0a,39,M,2048.55,secundaria,0,1,1,2,1,0.204,oriente,0
3f20b3dd-1511-4fc7-be81-910cc494a99b,19,F,2871.56,universitario,1,0,4,3,0,0.197,centro,0
c4d5b6b6-34fd-48e0-bb63-fc780adf69af,41,F,1757.71,posgrado,1,0,1,3,0,0.177,oriente,0
baa5c1cc-d116-4d48-8532-071e161c2e45,61,M,2335.62,tecnico,1,1,2,5,0,0.148,centro,1
ac407770-6cd8-40bb-bc26-b19bde3e7781,47,M,1562.55,universitario,1,1,4,4,1,0.201,centro,1
b9a5c767-9145-4ae6-acda-557bde69e6ca,55,M,5357.67,secundaria,1,1,1,2,0,0.177,sur,1
041a22ce-f198-4997-889e-122b87ec3513,19,F,3042.32,secundaria,1,1,3,5,0,0.148,centro,1
3d54e9b3-dd91-4c23-8cd1-be79aa338de8,38,F,2160.33,universitario,0,1,3,5,0,0.202,norte,1
8a1a4b15-3c19-40b1-b2df-56e2683521bb,50,F,3256.78,universitario,1,0,2,4,0,0.28,norte,0
7eea2b68-c2b6-4fc6-9da7-9d37e500852a,29,F,2865.21,secundaria,0,1,4,2,0,0.182,sur,0
1442c83c-6abf-48e7-a8f3-596053600385,39,M,2734.84,tecnico,0,0,4,4,2,0.275,oriente,0
b2f05594-d790-4ee7-b814-8003d83a5796,61,F,3737.0,posgrado,1,1,4,2,1,0.306,oriente,0
b95adc09-9ee9-4c64-9399-e84f6130e97b,42,F,3909.01,tecnico,1,1,2,4,0,0.152,oriente,1
b5346e80-7a50-4fdc-ae53-eaf138537eb3,66,F,2363.4,universitario,1,1,4,5,1,0.2,norte,0
736deec9-6674-4373-bf92-5f7bb14449a0,44,F,2309.02,tecnico,1,0,3,5,1,0.305,oriente,0
34777a22-5a65-4403-97fa-2323392ca444,59,F,2669.94,secundaria,1,0,1,1,0,0.194,oriente,0
a36c9776-00c3-469b-aaca-f821abc29bc2,45,M,237.69,universitario,1,0,3,3,0,0.202,sur,0
3e072c37-2ae6-4949-9dbb-44a1ac757e9a,33,M,1181.77,posgrado,1,0,3,4,1,0.116,oriente,0
d2af039b-e2af-41ed-b57f-8a56b768aa0d,32,F,4640.25,secundaria,1,0,1,1,1,0.173,norte,0
72213c59-91df-459c-a08c-0d38461c2c7e,64,M,4973.96,secundaria,0,1,3,3,0,0.228,norte,0
e69a9180-edc3-4a3c-a4e6-dfca1899bd14,68,F,2701.16,posgrado,1,0,2,4,0,0.321,norte,0
e945045d-a1cd-40ec-a8ff-9095b679df55,61,F,3691.87,posgrado,1,0,1,2,0,0.19,sur,0
5c9eb3fa-23e8-4a18-b9f4-b02345790a55,69,M,3373.5,tecnico,1,1,3,3,1,0.117,sur,0
41adba0d-3308-48a7-970c-6c21ccbf6300,20,M,6694.66,universitario,1,1,5,5,2,0.13,centro,0
c2821c70-fb5a-41dc-aa05-c0853cb52072,54,F,4343.49,posgrado,1,1,3,1,1,0.198,oriente,0
21886220-49f0-4650-877a-536c525c4a48,68,F,2846.5,posgrado,1,0,2,3,0,0.259,sur,0
fea6a455-8a69-42c9-8265-d674889df4e6,24,F,1853.35,universitario,1,1,4,3,0,0.232,norte,0
f4b86664-c5a1-4823-9f1e-8465a162fa38,38,M,1072.26,posgrado,1,0,3,5,0,0.223,norte,0
31dcb862-2e91-4485-ab69-7b8e66464ac9,26,F,3244.16,posgrado,1,0,4,4,0,0.265,sur,0
0fd17fdd-c9f4-4f3c-ba40-befdc737dca9,56,F,2092.38,tecnico,1,1,5,2,0,0.164,sur,0
9c2b2bb6-da1f-44fd-80cd-66aac8330931,35,F,1293.3,secundaria,0,0,3,5,0,0.201,sur,0
4031f2b9-e8bd-43b7-9e2c-3c089f8d2fa0,21,M,2224.11,secundaria,0,1,1,2,0,0.174,centro,0
e1b941f8-5d07-4bba-926b-e26aee85440b,42,F,1702.14,secundaria,0,1,4,4,1,0.186,norte,1
3d5c5fc8-0f66-48a0-8b14-573a81ecdf26,31,F,5024.57,secundaria,1,0,5,3,0,0.15,centro,0
6c78474f-2554-4fff-87ec-7ffea62ec574,67,M,4057.97,posgrado,1,1,1,2,0,0.183,centro,1
410f761c-cb2c-4b17-a655-3f45b95b4045,26,F,2990.43,universitario,0,0,1,1,1,0.199,oriente,0
22dc58ae-7e78-4b11-bec2-a99ee50b3507,43,F,4775.93,universitario,1,1,1,1,1,0.181,norte,0
0f388da3-cf52-4c17-8014-4e306d6f3343,19,M,3092.84,tecnico,0,1,1,5,0,0.192,norte,0
9522f805-61d4-45c0-baa3-17dbd8a4f218,37,F,1966.46,tecnico,1,1,3,4,0,0.22,sur,0
b1c65489-af60-40d3-98b0-7c7b31b75bdf,45,M,4827.75,posgrado,1,1,3,5,0,0.262,sur,0
4f48b4c2-695e-4e31-9448-3501849101c5,64,M,3646.69,universitario,0,0,3,5,0,0.266,oriente,0
ff3ac407-2b6a-4db2-88b8-cad037609e96,24,F,1755.3,universitario,1,1,5,5,0,0.238,centro,0
1341634b-ea4d-4fcc-8f9b-624421c02956,61,F,2771.59,secundaria,0,0,5,1,2,0.137,sur,0
6772fa74-dd4c-4488-82ad-923b5571ad60,25,F,1949.26,posgrado,0,1,5,1,1,0.182,sur,0
215ee5db-aa33-4ca9-b624-154bfd071f11,64,F,1340.64,posgrado,1,1,2,5,0,0.186,norte,0
405ae7f2-9a69-4cc5-8117-6f38e72839aa,52,M,4111.41,secundaria,1,0,5,1,1,0.167,norte,0
943dcee5-db08-472e-91b7-052eb1650c03,31,F,5291.3,posgrado,1,1,3,4,0,0.217,sur,0
bd12be72-8153-4c49-bc1e-283ed66a577d,34,M,1321.72,posgrado,1,0,3,5,0,0.12,norte,1
7c3e3ee9-de77-4647-9d08-be354eb99b2c,53,F,3675.56,tecnico,1,1,2,1,0,0.285,oriente,1
8f5463f6-44ae-49b6-82d9-5e3ba07bfa03,67,F,2219.23,universitario,1,1,2,2,2,0.26,sur,1
2f181de0-31ee-4211-8fcf-64f80d3e7d29,57,F,2415.45,posgrado,0,1,5,5,1,0.224,norte,0
cc53a38e-0762-458c-8dbd-2a2a75c188e2,21,M,2289.13,tecnico,1,1,4,5,0,0.197,oriente,1
243803c2-b1ec-4612-bb59-7add8aa4b2e7,19,F,1963.21,universitario,0,0,2,4,0,0.261,norte,1
e3257dc6-42c5-49dd-a027-9fee3bf9097c,23,F,3058.23,secundaria,0,0,1,3,0,0.234,norte,0
702a7e71-c777-41d3-a013-9d2782208ff2,59,F,2002.86,tecnico,1,0,3,3,0,0.255,norte,0
decbaf41-2e54-4309-84db-e78f0d2a26df,21,F,3324.55,tecnico,0,0,1,4,1,0.197,sur,1
970fc1b9-87ff-48e7-a6d0-e6616a639d95,46,M,2939.71,universitario,1,0,3,4,0,0.289,centro,0
3fd028a7-e286-40e5-9ad5-acf4f7c14265,35,F,2713.26,secundaria,1,1,3,4,0,0.258,norte,0
9fc758b9-a26b-4606-bf28-ca06b420add6,43,M,1910.92,tecnico,0,1,2,3,1,0.225,oriente,0
029c0ad6-b4d4-4427-9522-09b11feae8ad,61,M,2307.87,posgrado,1,1,2,4,0,0.263,sur,0
2f7d78ba-0e18-4660-b0de-c1a398a5fada,51,M,3906.47,posgrado,0,0,1,1,0,0.179,sur,1
7db8b0cf-c976-4c2b-9d34-6ef1111c84d0,27,M,3601.1,posgrado,1,1,3,5,1,0.142,oriente,0
d4daba6b-c3b5-4199-87fb-2962c377869a,53,M,1826.93,secundaria,1,1,1,5,0,0.216,norte,0
46626598-b8ed-4466-87f6-4f68223ff620,31,M,3119.2,tecnico,1,0,4,2,1,0.197,centro,0
2c08cfe0-8ee1-411f-b34c-6e2caae25a04,48,F,3901.66,posgrado,1,1,1,2,0,0.19,norte,0
5c0539fe-9308-4c6b-9927-b5cebc7632c4,65,M,996.71,secundaria,0,1,5,5,2,0.261,oriente,0
b17e0e77-0822-4979-b87a-728eb6766a99,32,M,3652.03,posgrado,1,0,1,1,2,0.208,sur,0
39e625c8-5b52-4cd0-84bd-aea87d31c14d,25,M,2204.85,universitario,1,1,5,3,1,0.213,centro,1
2df9d422-488f-46b5-a886-4e2900cab751,31,F,3684.72,tecnico,1,1,5,3,0,0.184,sur,0
b701184e-1e2a-4b78-98d9-39b904e9aa78,40,F,2084.09,tecnico,1,0,5,1,0,0.244,oriente,0
34084d19-8787-40f0-8bac-190dff1adfd9,57,M,834.14,secundaria,1,1,4,3,0,0.235,norte,0
68c8a942-729e-4fbc-ad5b-b75c1254da17,38,F,1046.95,secundaria,0,1,1,4,0,0.244,centro,0
acc11db5-db26-4234-ad2e-1e831fde6b14,33,M,3057.7,tecnico,0,1,1,5,2,0.175,sur,1
f87ec039-bd69-4a0f-94fd-3799754563b1,62,M,3311.67,posgrado,1,1,4,5,2,0.265,sur,1
bdef5fc4-34c1-463b-bbb5-43da0e8d1d47,35,F,1914.82,posgrado,1,1,3,1,0,0.292,sur,1
bf715383-b4f3-4081-a787-2c8b99363754,64,M,3766.31,universitario,1,1,2,3,0,0.242,norte,0
e793997b-061f-4192-8a01-6c850e0ba497,41,F,1006.18,posgrado,1,1,1,2,1,0.16,centro,0
ed080a75-378e-45d9-9ab7-385931fd38e3,43,F,2920.7,secundaria,1,0,2,2,1,0.16,norte,0
d2605b70-0f78-4aed-9b9f-509182150116,42,M,1546.78,secundaria,0,1,4,3,2,0.181,norte,0
493de194-284f-4a08-8ebc-3e3cc768e69d,62,M,2217.8,posgrado,1,1,3,2,4,0.172,norte,1
81e47f16-4db7-43cb-a8cc-9990c77476ca,58,F,3056.88,secundaria,0,1,3,1,1,0.196,oriente,1
8c57c5c3-8912-45da-bfa2-3b34a5365624,46,M,1967.5,tecnico,1,0,3,1,0,0.232,oriente,1
156d4ed5-bace-4217-8361-61bf26e8aa55,32,M,2538.53,tecnico,1,1,4,3,0,0.214,oriente,1
9b56c0e2-636e-4796-86e6-26596ac9fab7,62,M,4207.55,posgrado,1,0,5,2,0,0.21,centro,1
aa4e64f7-964e-48bc-bd72-778268bc4cab,18,F,2307.73,tecnico,0,0,5,1,0,0.188,norte,0
f1da9fb9-535d-4d92-9e67-d9dd0690e7f0,42,F,4002.83,tecnico,1,0,2,1,3,0.196,norte,0
81a34880-78be-433d-bead-6e442a91ac14,24,M,1644.35,universitario,1,0,5,4,0,0.24,oriente,0
891201b0-e7ea-4455-bccb-0dc195b8d39e,26,F,3635.77,universitario,1,1,5,4,0,0.099,norte,0
742e5032-5e72-4d66-a2c1-3d304c07d4e2,41,F,4729.88,tecnico,0,1,3,1,0,0.199,norte,0
8583f921-2333-4abc-b47f-a483bff16324,18,F,34.03,posgrado,1,0,3,3,0,0.214,sur,0
a7dcde1e-6056-408d-b24f-496a302827e2,61,F,2043.73,universitario,1,1,2,5,0,0.239,norte,1
23c6db6b-f3e1-419d-84de-06ede98e5715,25,F,3692.49,secundaria,0,1,1,5,2,0.149,sur,0
ed133caa-cfbe-4187-887b-d8442255605c,41,M,2756.35,secundaria,0,1,2,1,0,0.147,norte,1
c03fb7e0-8501-4922-9a4a-c508a2ed809b,28,M,3445.38,secundaria,0,0,2,1,0,0.229,centro,1
e65cd54f-f062-43bc-9839-76baedfce230,68,M,2275.22,posgrado,1,1,4,1,0,0.105,oriente,0
3e75522b-d23b-474c-af53-e4901b0405c3,34,F,3103.91,tecnico,1,1,4,3,1,0.267,sur,0
19d6cb7a-c15c-43b9-ab9a-039372f70104,25,F,2813.19,secundaria,1,1,2,4,0,0.211,oriente,0
8677ba11-a747-4d50-80f4-54a93e99bed0,52,M,4401.34,posgrado,0,0,2,1,0,0.278,sur,1
4ce75a57-4f99-4604-8962-8a2ec39dd7f9,52,F,3305.31,universitario,1,0,2,1,0,0.146,sur,1
7a68b31b-f6e5-4c0b-b2ce-a030c0442c97,50,M,3405.12,tecnico,1,1,5,2,1,0.178,sur,1
0f17f22d-796a-4d81-9381-1fec815fb216,22,M,2505.75,universitario,1,1,4,3,1,0.08,centro,0
48408223-0a17-4633-a534-6578982c856a,59,M,2414.87,posgrado,1,1,2,1,0,0.16,norte,0
95845053-8319-4c75-b7af-4984420403b6,56,F,2480.93,secundaria,0,1,3,2,0,0.191,sur,0
e8c9eb2d-d705-4d4d-9618-9fb2950f2c20,58,F,3473.34,secundaria,1,0,3,5,1,0.102,centro,1
08bb1f88-a756-422b-95d3-700b5ab94e62,45,M,2494.82,posgrado,1,1,5,1,0,0.18,sur,0
4d4522f9-c7c7-405b-a676-653a68f97f8b,24,M,3347.73,secundaria,1,1,5,1,1,0.101,norte,0
40ddd330-eab7-4a66-99a5-546b0db64a4f,26,M,5490.48,tecnico,1,0,1,2,0,0.187,sur,0
26912b16-2de2-4771-8cae-00c21828a491,25,M,4045.35,posgrado,1,1,1,3,0,0.257,centro,0
774a2fc6-2209-4de7-a520-4b63619298e3,29,F,2608.77,universitario,1,1,1,1,0,0.198,norte,0
1a27d11c-8083-47bf-8bd6-799e36f239bb,51,F,4441.46,posgrado,0,0,5,5,1,0.283,centro,0
91c7736e-ec65-453d-b794-d6fee98e799a,50,M,2510.31,tecnico,0,1,5,1,1,0.239,norte,0
7f61f8c2-bb59-4fd4-b945-201bbe0f7058,65,M,554.25,tecnico,1,0,5,5,2,0.267,norte,0
93b6c292-4750-44c7-8bf8-b0c7f19e1ebd,40,F,1790.3,posgrado,1,1,3,4,1,0.162,oriente,1
a47f793a-ba4f-408c-a541-21b232dcd97a,41,F,755.05,posgrado,0,1,5,4,1,0.161,oriente,1
e69a591d-0e64-4d84-b10b-e7b9954177ad,54,M,2578.18,secundaria,0,1,3,5,0,0.217,oriente,0
81f9d078-37f5-410c-9671-4ee3beb46d3e,52,M,3022.1,tecnico,0,1,1,3,2,0.121,norte,1
061bd10d-1961-418b-b673-ce5abeb5ce80,61,M,5011.72,posgrado,1,0,1,1,0,0.224,sur,0
d9430ed3-714e-4a11-be36-a0e71f4cf47b,57,F,3392.31,posgrado,0,1,1,1,1,0.184,centro,0
d52b078c-dfbe-4dc7-99fd-9d10785103b2,39,F,2737.08,tecnico,1,1,2,4,0,0.266,centro,1
01290dd6-6ed4-4e88-becc-25c4289aed5f,44,F,3995.29,posgrado,0,0,2,5,0,0.234,centro,1
bd5806d2-10ea-4df0-b28f-f93f423c0e75,52,M,346.64,secundaria,1,1,4,1,0,0.255,oriente,1
169215a9-efda-4449-8c5e-7da1c081933f,18,M,3282.74,tecnico,0,1,4,1,0,0.162,norte,0
97ab2d21-2876-41ee-af8b-ee902aab73be,52,F,3925.04,secundaria,1,0,4,3,0,0.252,oriente,0
2b99c368-fc11-4164-b1d9-96117466224f,54,F,1225.7,secundaria,0,1,2,2,1,0.272,sur,1
7ddaadd9-7af5-4c67-b2c1-cc4843839b5a,64,M,4372.5,secundaria,1,1,2,4,1,0.198,norte,0
92efbcb2-c940-47f4-92a6-8d8a400e2316,31,F,3406.2,secundaria,0,0,4,4,0,0.163,centro,0
ba532774-44d8-4696-b7f2-2be562248d01,20,F,2501.65,tecnico,1,1,4,2,0,0.164,oriente,1
2db0b49b-3e8c-4d17-9469-e55a14025410,18,M,3759.34,secundaria,1,0,5,1,0,0.262,oriente,1
1c98872e-db7d-4353-b7ad-404f5fa59bfb,22,F,5724.83,secundaria,1,0,4,3,2,0.334,sur,1
ef9b80af-7c97-4d9e-8aa8-a29f0734f925,43,M,3218.24,posgrado,1,0,5,3,2,0.151,sur,0
9b03ca57-1c69-4389-b932-f54d27e78c5c,31,M,3297.86,tecnico,1,1,3,4,1,0.147,oriente,1
b7753e17-ca2d-4a24-bb70-aebc40a2744c,56,M,2448.77,tecnico,1,1,2,3,0,0.246,sur,0
adc64361-8ff5-4687-9026-22585aed4895,44,M,1980.19,universitario,1,0,4,2,1,0.162,centro,0
56dc8997-672f-4cc8-82f5-432705652286,26,M,3996.4,tecnico,1,1,2,1,0,0.251,sur,0
8d315119-f103-4c9c-ad1f-79346fa96cc1,32,M,1972.7,tecnico,1,1,2,2,1,0.223,sur,0
a5812698-1f4a-4958-88fd-82b161f86e9a,32,M,3085.88,universitario,1,0,2,5,0,0.199,oriente,0
7068ae9c-acc9-4d6e-ba04-4a131ac5dffa,43,F,2426.81,tecnico,1,1,3,4,1,0.222,oriente,0
a3a4b49a-62ef-40ba-91dc-2bc2d7592ad3,59,M,3574.78,tecnico,1,1,1,3,0,0.219,norte,0
90e330c0-d6d8-496c-a3a0-39e78fcff4cd,30,M,3400.39,tecnico,0,1,4,5,1,0.191,norte,0
5d406ba8-f467-49b8-86df-d07a050cfe21,68,F,4245.05,tecnico,1,1,1,3,0,0.112,oriente,0
99496a4a-22e5-4ce4-a2a2-7a83635481ca,49,F,2387.98,universitario,1,1,1,1,2,0.209,sur,0
461bd4af-7fd3-48f0-b389-faf72f52fe84,56,F,2676.15,tecnico,0,1,1,1,2,0.279,sur,0
cb223809-e0e8-42dd-9f13-a2dff9e84e40,66,M,1825.48,tecnico,1,1,2,1,0,0.12,norte,1
928c7ba2-7b4a-40f9-95de-772506a78817,69,F,2466.85,universitario,0,1,5,3,0,0.152,norte,1
dbdf64ce-98b4-41fe-bf98-7a9b839c5485,49,M,3452.76,posgrado,1,0,2,5,1,0.221,norte,0
7a208ca7-b307-4fd0-b536-ed5d1c182f82,21,M,3908.39,secundaria,0,1,2,1,1,0.202,centro,1
d6bfc0ac-1059-47f2-ac0c-c3e7890f52f6,47,M,1893.4,posgrado,1,1,1,5,1,0.221,centro,0
63c1be1d-c92e-4905-a950-930f3ef09b57,54,M,4043.53,universitario,1,0,2,3,0,0.165,norte,0
18627534-93e6-4a28-bacc-c0377a0a9a7d,40,F,4626.77,secundaria,1,0,1,5,0,0.258,sur,1
56540ef8-4d8a-4cee-8562-4a3c333db8ea,56,F,3496.12,universitario,1,1,5,3,0,0.202,norte,0
01bf2eda-9408-4753-afbc-c1322b214654,62,M,5252.15,universitario,1,1,4,3,1,0.235,centro,1
ea8d158e-83fd-497e-b0ce-be42558e6a2f,32,M,2071.45,tecnico,1,1,1,4,0,0.216,sur,0
b4d83150-a401-479b-9818-19eecbc764b8,60,M,1506.41,secundaria,0,1,5,3,0,0.209,centro,1
2b0a05ab-fe2d-407c-8e31-dd9c67a4e105,46,F,865.54,tecnico,1,0,4,3,1,0.231,sur,0
46f1cd6e-f50a-4e58-b41d-cc077be65ea8,53,M,4795.25,secundaria,0,1,3,2,0,0.209,centro,0
2a2c3810-f311-4b8e-b89c-ce9cd0d7b078,30,M,3785.24,universitario,1,0,1,1,0,0.14,sur,0
704aef8c-c76e-452f-a7d0-35b459d91339,49,F,2933.3,universitario,1,1,1,4,0,0.254,sur,1
f0d56ed8-ddb0-4dce-961f-de945cdaca6c,24,F,3335.96,posgrado,1,1,3,4,1,0.241,sur,0
bb70588a-71f5-4a06-9083-0af02c05a664,68,M,1649.41,secundaria,1,1,3,4,0,0.095,sur,1
2cc923d6-7efd-447f-9e19-0ef35df24cba,39,F,5934.9,tecnico,1,1,1,2,0,0.167,oriente,0
25263864-77f3-4ad3-9b52-caded4ddf4ca,45,F,3155.07,posgrado,1,0,3,3,1,0.252,centro,0
653f4e8e-578d-480b-ab93-cb8193a2a2b8,19,M,3131.27,posgrado,0,1,2,1,0,0.109,centro,0
7a0edd13-0267-459c-8d2f-bc590cb87e8f,59,F,3870.92,posgrado,1,1,4,5,0,0.247,oriente,0
924d7653-093e-4bbb-a10c-7cebb5691df7,62,M,3577.21,tecnico,0,1,4,3,0,0.193,sur,1
29ef1900-b0fd-4bcd-ac06-b05a65d957bc,23,F,3268.66,posgrado,1,0,4,2,0,0.267,sur,0
e657737c-8ac3-4e4d-b090-8634368b7a6f,45,M,2051.43,tecnico,1,1,2,3,1,0.2,centro,0
92a8e6d6-f2bd-44ac-b37c-6a64cca561a5,45,M,3565.76,posgrado,1,1,3,3,0,0.164,oriente,0
8a65bd50-64a5-4aa2-bcc7-bc54d96a6e8b,61,M,5258.43,tecnico,0,0,5,2,1,0.215,sur,0
0fd945f6-6429-42ff-a8e5-361d20042516,61,F,4614.5,universitario,1,0,3,4,0,0.198,sur,1
61d57649-211d-4e9e-a3ff-3001d87815d5,37,M,4911.82,universitario,0,1,1,4,0,0.159,sur,0
42ac3691-ac2a-43ef-b2b9-030f737539b0,47,F,2386.54,universitario,1,1,4,1,1,0.311,norte,0
6f26980a-126c-427f-b91a-159681c418ed,28,M,1812.47,universitario,0,0,3,1,2,0.151,oriente,1
2161d73f-7b4c-4843-92d3-56990157cbea,45,M,2849.06,universitario,1,0,5,4,1,0.088,sur,1
522a2440-1a72-4f05-a78e-fbc8535f3736,42,F,3066.87,posgrado,1,0,1,5,0,0.279,norte,0
90e6ae6a-1d98-487d-8c75-7535d6391920,56,M,4313.03,posgrado,1,0,2,3,1,0.171,oriente,0
f3279fe0-3a1f-4869-9b16-79919b782eb5,50,M,969.04,posgrado,1,1,2,5,1,0.185,sur,0
36cf2fa5-0118-4500-970b-541001fca8f8,18,F,4835.46,tecnico,1,1,5,3,0,0.182,centro,0
2cf8902d-d6f9-423c-935b-149313b5c1ed,44,M,2810.39,tecnico,1,1,1,4,1,0.172,norte,1
a4a204a2-a850-4d37-bc5e-4159e3cb24eb,69,M,2487.74,tecnico,1,1,4,1,0,0.162,norte,0
0d6bde63-8d81-4251-8374-6515ea6f9b98,30,M,1785.47,tecnico,1,0,3,1,0,0.15,sur,0
f1da8d63-9966-4dbf-ad4e-2a36e87f9933,58,M,1014.17,universitario,1,1,1,5,0,0.203,sur,0
8958ea63-80d3-4273-b393-d0614390cdc5,20,F,3987.8,universitario,1,1,2,1,1,0.18,norte,0
00b231dd-122b-4c7d-8810-83499312b298,56,F,3087.98,universitario,1,1,5,4,1,0.237,centro,0
f122c5bd-02c2-413c-8e7a-405bd532e74d,23,M,1452.05,secundaria,0,1,5,5,1,0.224,centro,0
f01acaef-2e63-4b25-8cf6-5659375fed74,25,F,1445.91,posgrado,1,0,3,3,0,0.154,oriente,0
49ba1a58-a9ed-496e-b12a-4a6ff3b4203f,44,M,2597.06,tecnico,0,1,5,1,0,0.205,sur,0
e67b08da-3739-4dd9-8764-bedfe86dd86b,26,F,5002.83,tecnico,1,0,5,2,0,0.179,centro,0
5a8aa593-730e-4c4e-8511-851bd2d97fff,54,M,2688.49,universitario,1,1,1,1,0,0.15,oriente,0
87a3a061-28ce-40b2-95cf-9a2846c946aa,50,M,1196.23,tecnico,1,0,4,3,2,0.234,centro,0
eb32a7e5-9b82-4636-8b67-bb1655d96c18,68,M,2705.11,tecnico,1,0,3,5,0,0.194,sur,0
c05501be-1571-465d-bdf5-19ab159f85f6,59,M,2672.73,posgrado,1,1,1,3,0,0.18,oriente,0
d8eef7bd-c3ec-4108-b59a-4c547701c0db,61,M,-236.26,universitario,1,0,4,2,0,0.157,oriente,0
f1f4753a-72e3-4f0c-8f90-53a094e22268,41,M,2934.85,posgrado,1,1,1,4,2,0.149,oriente,0
d0b8b03a-ffcf-4303-a4aa-8057840147c8,32,F,2722.88,secundaria,0,0,1,1,0,0.299,centro,0
0e67c6b7-1396-4770-a432-92974553d698,49,M,3835.45,secundaria,1,1,5,5,0,0.217,sur,1
1564720b-a139-4983-9d9d-83b1f2b70549,49,F,5218.75,secundaria,0,1,4,4,1,0.145,oriente,1
b91a7a37-f857-402c-b9a6-0c3278a7fb2d,41,M,4351.88,universitario,1,1,3,3,1,0.214,norte,1
7f6c66d1-3cd1-4bc1-a07f-92bfe4b902fa,58,F,2677.33,tecnico,1,0,3,5,0,0.253,sur,0
4d7fb27b-8a50-45f9-b6a8-4dc1cc33c001,69,F,1672.17,universitario,1,0,4,4,1,0.208,norte,1
bfa0227e-8713-42d1-9eb5-a52e55ce8069,66,F,6088.03,universitario,1,0,5,5,1,0.269,norte,0
78007252-873f-4c41-927d-45afd4be6b9c,66,M,3071.06,tecnico,1,0,2,2,0,0.123,oriente,0
e871437c-4973-4297-b968-a42f60949fa6,69,M,3016.72,posgrado,0,1,1,2,3,0.1,oriente,0
8c5cae58-5574-4a07-8b3d-356166aacc92,29,F,2971.05,secundaria,1,1,5,1,1,0.213,centro,1
cef64397-aadb-4aae-acc0-7ed32e0849f3,56,M,3237.7,posgrado,1,1,4,1,1,0.214,centro,0
2d9a43d7-d2b8-4e79-8ae9-e59986a38988,19,F,2826.77,secundaria,1,1,1,2,3,0.033,centro,0
5dee50a4-9888-4ddf-9081-e6b66b934a66,20,M,2311.61,universitario,1,1,3,5,0,0.169,sur,1
b59dcfb2-8799-4818-98af-8612464db1b2,66,F,2343.77,secundaria,1,1,2,2,1,0.15,centro,1
1eb52146-a642-4be8-b9a3-165acf711ce3,54,F,2960.7,universitario,0,0,3,1,1,0.13,norte,0
b0439918-26aa-42e1-a2b6-3111a82a22be,66,M,2347.89,posgrado,1,1,4,2,0,0.149,centro,0
bc4d098b-8b9c-488f-a258-1bbb71c2a1ab,34,F,2144.59,universitario,1,1,1,2,1,0.23,oriente,0
c1d627ae-3e4c-484e-a5d8-4a4f265f889f,66,M,3127.72,posgrado,0,1,4,5,0,0.149,centro,1
d05f129c-6452-457f-81b0-7f71b97bcd0b,19,F,2694.03,tecnico,1,0,1,4,0,0.151,sur,0
9f0ed806-f757-41f3-8740-5e1676ebd7ab,19,F,4804.79,tecnico,0,1,5,1,0,0.119,sur,0
2308753e-19f6-428a-8a31-7e134c1f0f6e,45,M,-181.16,tecnico,0,1,2,5,1,0.263,norte,1
b8805467-5cac-4a62-ac95-9e80dc1d0abb,40,M,4309.81,universitario,0,1,5,2,2,0.222,sur,0
2569756c-7428-4224-95d9-83043823ffad,54,M,4495.3,tecnico,1,1,5,2,1,0.075,centro,0
4d169733-1876-4e0b-bf3f-1a35aa66cd6f,49,F,511.93,secundaria,1,0,4,4,0,0.151,oriente,0
e1e054cb-1c6f-4cef-9997-e3f1f8e7bbed,50,M,2588.77,posgrado,1,1,2,1,1,0.226,sur,0
aceb7545-0972-423a-917a-fc0c9e46a2f3,18,F,2554.27,posgrado,1,0,1,1,0,0.264,norte,0
7fb53a1e-2938-4697-b1b9-bc4c3e639a80,36,F,1310.99,secundaria,1,1,1,3,0,0.242,centro,0
524400f7-f69e-40df-bc90-a30abe40bace,19,M,2066.62,universitario,1,0,3,1,0,0.182,norte,0
b6beeda9-a81d-468a-97e4-3b56df54348d,61,M,1667.31,universitario,1,1,1,4,0,0.103,sur,0
25179489-9cf7-4189-b154-4150419c6576,43,F,5102.72,posgrado,0,1,4,3,1,0.244,sur,0
abff515f-26fd-425b-84bf-b52e1bfe0b0e,49,F,4122.81,tecnico,1,0,5,3,0,0.185,norte,1
511abc70-b2a6-49ce-b1b0-3565301c8d66,23,M,4525.87,universitario,0,1,5,2,0,0.203,centro,1
808f836e-55bf-4d61-b4ca-bc3e6aeaf099,49,M,3866.01,universitario,1,0,5,2,0,0.191,sur,0
92829b45-9402-4ab8-b5d5-922d50525899,21,M,1645.14,secundaria,1,1,2,1,0,0.132,oriente,0
5ed9019b-b87b-48d5-810e-80a270fecd1b,28,M,2370.58,secundaria,0,1,1,3,0,0.218,sur,0
15409cd6-cdf8-4ff6-b742-940a07aa9d97,34,M,3587.25,tecnico,0,1,4,2,0,0.211,centro,1
8e22b61b-93a5-4d1d-9fed-1e8139d4d48b,55,F,1533.45,universitario,1,0,2,4,0,0.179,sur,0
c4a1a403-eabf-4ab3-9ce7-86ace0130974,41,F,3855.6,universitario,1,1,3,2,0,0.224,norte,1
0a57697d-b186-4894-ab6e-4e5ef57e8142,22,F,2711.61,secundaria,0,1,4,2,0,0.131,sur,0
133f1306-5b23-406e-8812-dce94f15cad3,69,F,2550.22,universitario,1,0,4,3,2,0.187,sur,1
addb3a7f-5689-47a6-b9b6-1eff88e7f191,51,M,3853.15,posgrado,0,1,4,3,2,0.201,centro,1
681e1c7d-897d-43f1-829c-0235a549b7ac,23,M,3533.12,secundaria,1,0,5,5,0,0.113,norte,1
2e98ecee-e668-493d-beb3-c442fff9fef0,39,M,2566.84,tecnico,1,1,4,4,1,0.197,centro,0
cf6ed703-de4d-4994-8a34-7f26a4cd90a3,28,F,4391.2,secundaria,0,0,1,3,1,0.237,sur,0
cf323393-643c-4ef1-8c9d-5bc7f7bdfead,65,F,1702.72,universitario,0,1,4,1,0,0.185,oriente,0
ec5f7c09-ca12-4bbf-a198-a83a9c6212ee,33,M,3739.12,tecnico,0,1,5,4,2,0.198,sur,0
5ad21bbe-04fc-4e15-aeb0-60f4cedbc10b,50,M,3711.72,secundaria,1,0,4,4,1,0.228,centro,0
a62aaf03-ac9e-4ce0-9499-46b494b3b24f,26,F,2628.54,posgrado,0,0,3,3,1,0.181,oriente,0
007f36dc-55a9-46ed-9551-ed422b76b99b,23,F,3391.36,posgrado,1,0,3,4,0,0.185,centro,0
9c225749-cbc9-46b0-89e3-5e2dc605ae93,33,M,1498.66,secundaria,0,1,5,3,1,0.141,centro,0
db0ac6ba-2cd0-43c3-ba37-698d4772fe2a,46,M,4108.83,posgrado,1,0,1,2,1,0.199,norte,0
bd803f5d-5313-4d29-a85e-ce2e3e49710d,20,F,2778.12,posgrado,1,1,1,5,1,0.183,oriente,0
7dff0be5-5ec0-4a59-b1fb-1bc7faf8cd62,37,M,2372.73,posgrado,1,0,2,2,1,0.225,sur,1
2d1835a5-7053-47c0-8e90-76775a6b94a0,53,M,4258.81,tecnico,1,0,5,3,4,0.228,centro,0
f71144fb-e57a-45b8-b73d-0c75b56e64e0,36,M,2154.79,posgrado,1,1,4,3,0,0.24,sur,0
59becd2f-ef01-4578-b683-6d673b51964b,43,F,1309.85,posgrado,1,0,5,2,0,0.175,norte,0
a50b87a4-6d2a-483a-9186-0e2d1d714a55,20,F,1132.04,posgrado,1,1,2,1,0,0.091,norte,1
ad99adab-0807-4130-88e2-2d533004cd6f,36,F,3727.21,tecnico,1,1,5,1,2,0.237,oriente,0
2c6af062-19ad-4557-bae4-9904162828b3,37,F,1463.48,secundaria,0,1,5,1,2,0.222,norte,0
478e71dc-42f3-45e0-ade6-b2c36fcfc6df,49,F,5105.75,universitario,1,1,2,3,0,0.168,norte,0
7d0a9299-a32d-4535-96e3-94c8e0f1152d,24,F,501.68,posgrado,1,1,1,4,0,0.228,sur,0
54fd1cb8-32c4-488c-9ff2-a4313929dd51,69,F,5035.75,secundaria,0,0,4,3,0,0.128,norte,0
88d94e4c-5b41-4174-9a56-15a1030d3e29,58,M,3253.22,posgrado,1,0,2,4,1,0.252,norte,1
470fb3c9-6234-40a6-a6fd-e2cec3e99bb6,50,M,2883.94,tecnico,1,0,3,2,0,0.183,centro,1
98541084-0e5c-4b1c-af5e-e4cbdce85d50,57,M,2346.1,secundaria,1,1,1,5,3,0.159,norte,0
80ff0976-19e7-4900-bf1e-08dc80e9c4f1,56,M,3478.96,tecnico,1,0,3,4,0,0.169,centro,0
0f7fdcc8-5f55-47d5-a3e5-f2e5b7818f1d,35,M,2954.84,posgrado,1,1,1,1,1,0.188,norte,0
767d9f6c-7d58-482f-b208-41acafe49165,57,M,4323.96,posgrado,0,1,4,3,0,0.199,norte,0
250de099-6700-41a5-8d93-a9e68729d97a,18,M,3137.07,tecnico,1,1,4,2,0,0.202,oriente,0
1315f169-dee1-4024-a703-aa98690b5955,28,F,3180.36,universitario,1,1,5,1,0,0.179,oriente,0
eb715460-843e-4b4a-b745-a722e650e019,45,F,2563.67,tecnico,0,0,3,2,0,0.21,centro,1
a98a1915-410a-4fea-b9f0-a2bf8aecf615,42,M,2931.67,posgrado,0,1,1,5,0,0.2,norte,1
ebb1fa8b-98cd-4db1-972e-b08ff8089782,67,M,3369.36,tecnico,1,1,4,3,0,0.168,sur,0
2c39a462-546b-4dcd-a385-ec9b48f4385d,40,F,947.8,universitario,0,0,2,3,0,0.16,oriente,0
abd73904-2b8d-4f7c-bb2f-ec5e2038ec92,48,M,1382.18,tecnico,1,0,4,5,1,0.23,sur,0
69033ebe-73fe-41c2-b386-3ec3bb702c9d,47,M,3891.92,universitario,0,1,2,3,1,0.226,oriente,0
631565db-8eb8-4d39-8d18-f8e606050fff,59,F,3205.04,universitario,0,1,1,4,0,0.203,oriente,0
40330839-1fb9-468f-a97c-01af8ef51356,52,M,2779.22,tecnico,0,1,4,2,1,0.246,norte,0
a3cf95c9-8e92-4529-9960-0929fd75a7ce,24,F,3022.12,tecnico,1,1,4,1,0,0.102,oriente,1
1bc8f0d0-23bc-4c5c-ba53-3bdad0293a1b,33,M,3417.1,secundaria,1,1,1,5,0,0.172,sur,1
5f2ba004-ee55-4362-8786-071f7559c2d0,43,F,2352.29,posgrado,1,1,4,4,1,0.142,oriente,0
43304f1b-651b-485f-84a5-1280fa8d9209,65,F,2066.03,universitario,1,1,2,1,0,0.313,centro,0
420bb667-9c48-4aa3-8205-ff39c8d42fd5,69,F,3235.01,secundaria,0,0,4,1,1,0.236,norte,0
cfe2c7a0-74b5-4855-a518-e4b3dee4c51c,66,M,1825.95,tecnico,1,1,3,5,0,0.196,norte,0
cb011d5b-6003-4069-bb84-9986d0cf6f8f,19,F,3489.9,posgrado,1,1,5,4,0,0.239,centro,0
cf680ce0-191e-47ad-96e8-480e14ddbda1,18,M,956.9,secundaria,1,1,2,1,1,0.256,centro,0
0ae1a614-1298-4c2d-9562-e1954c547faa,65,M,4234.99,universitario,0,1,3,1,0,0.255,centro,0
c11918a4-644c-476d-9ff3-11f5a6d359c9,29,M,3567.12,secundaria,1,1,1,4,0,0.246,oriente,0
d3772173-b748-4ce9-a62f-4f3e3011115c,22,M,3307.24,universitario,0,1,2,3,1,0.187,norte,1
aac70ab4-4c83-49d4-8bdb-512830a7aa69,54,F,4179.23,tecnico,1,1,5,1,1,0.175,centro,0
a7d5ef11-498a-4af5-bade-281c4f4e89e2,49,F,4998.57,posgrado,1,1,5,2,2,0.152,oriente,0
8532f945-53b5-42c4-b5d4-4078b6f3628f,26,M,4217.24,posgrado,1,1,1,4,0,0.225,centro,0
f739b9eb-0237-44ef-b14f-6546cebc0266,58,M,790.95,posgrado,1,0,1,1,0,0.192,sur,0
12d31ef6-76eb-4eeb-b57a-ff6a92d6380f,52,F,1464.51,tecnico,1,1,2,5,0,0.179,sur,0
1b531c5e-7163-4016-ba6d-6e59c3e81416,36,M,2250.22,universitario,1,0,4,2,1,0.176,norte,1
1555cd25-d62a-4e6a-a6bf-ee2e747e83bb,65,F,3031.31,tecnico,1,0,1,1,0,0.273,oriente,1
3ae4db0d-6a7b-4b47-b1fb-5dd0fb0c2563,33,M,3621.19,posgrado,1,1,4,2,0,0.248,sur,0
c39cac6b-c5d9-495c-973a-e7eda26a50b8,20,M,2129.11,tecnico,1,1,3,2,1,0.292,sur,0
e366b0fb-c2e0-4d3e-b69d-9e8540bbc37b,37,F,3224.12,tecnico,1,1,5,3,0,0.226,oriente,0
84eda320-9ef5-4836-93b6-872df44a2d7c,41,M,2093.54,tecnico,1,1,4,2,0,0.203,centro,0
6a38aa9a-d0ca-4213-9f0f-58cd4ef53c8c,50,F,2266.18,universitario,1,1,5,3,1,0.199,oriente,1
9201e30e-c8f7-441e-a5a1-89322a83c64e,41,M,1312.01,secundaria,1,1,4,4,0,0.149,centro,0
7499139d-ea46-4aba-8936-c42f42f9c40d,69,M,1892.12,secundaria,0,1,3,3,0,0.137,sur,0
99394acc-9268-4b9c-9783-dda41cbe98eb,28,M,1377.98,tecnico,1,0,1,5,0,0.225,sur,0
e4496b80-ca18-4b92-9b49-9edecbe74268,66,F,1828.95,secundaria,0,0,3,1,0,0.153,sur,0
34893b6f-86d3-471e-a0b6-07198bbb89fc,25,M,4264.37,secundaria,1,0,1,4,2,0.211,norte,1
51e4d93e-e16e-47da-8c39-6dd01c47aba4,53,M,1860.72,tecnico,1,1,1,4,1,0.256,norte,0
eb7e7102-b669-48be-9dc6-a0af6261fd2f,55,M,6158.86,tecnico,1,0,5,5,2,0.167,norte,1
b7ca6b34-3f7e-4a7c-9bb3-af802d718b6d,57,M,3591.98,posgrado,1,0,3,3,1,0.301,oriente,0
f2cc3975-11df-4fe5-a4cd-b428c5fe63b4,37,F,3221.8,secundaria,1,0,4,1,0,0.15,sur,1
97ae33ef-616e-49c7-8b98-c05c7ad1ae43,52,F,1969.97,universitario,1,1,3,3,0,0.25,sur,0
5361aa5c-2c26-47e9-aa2f-354568cf9082,65,M,3840.37,tecnico,1,0,5,2,0,0.221,oriente,0
cecefdf4-b110-46bb-b557-dd2bd3a9189f,42,F,2309.23,posgrado,0,1,1,3,2,0.26,norte,1
11c77ef0-81e4-41cc-8595-623431d8835d,52,M,3146.41,universitario,1,0,5,4,2,0.144,oriente,0
fd43890d-31cc-4468-a3f3-af4d6b3978dd,42,M,6072.1,secundaria,0,1,2,1,0,0.315,norte,0
59168e1f-6d4d-4798-a374-cd2526dac1ff,46,M,2884.73,posgrado,1,0,2,3,0,0.191,sur,0
928e1dda-fa91-416f-b91d-a469895fb5ac,35,F,4379.13,tecnico,1,0,4,1,2,0.234,centro,1
8dfb0303-fdab-4d11-a65c-096499d52f85,63,F,2156.19,universitario,1,1,5,1,1,0.272,norte,0
14b0c8a1-df8f-43e9-be3c-2897ebe8ddaa,35,F,2958.01,tecnico,0,0,4,2,0,0.17,sur,1
8772b0bd-8f39-43fb-b16b-cc845ab40bb9,19,F,5124.96,secundaria,0,0,4,2,0,0.241,sur,0
acd1eeac-19cb-4107-9fb6-2217931476fd,52,F,2247.64,universitario,1,0,2,4,0,0.161,centro,0
6b647738-bf2e-42b8-beca-e8c456a151dc,33,F,5174.94,secundaria,0,0,4,5,0,0.27,sur,1
9965ec53-ad37-4a3f-ac0c-4cd3b105faa0,58,F,3849.3,secundaria,0,0,2,1,0,0.162,sur,0
6899f792-8fe2-4870-8f4d-998488b6a6b4,53,F,2325.04,posgrado,0,0,1,5,0,0.202,norte,1
d0d86f5f-2d52-4207-b5bc-4ce2abf71b68,50,F,3758.89,tecnico,1,1,5,4,0,0.215,norte,1
420117c8-8311-499f-938a-1f451f7dc31d,21,M,4167.07,universitario,1,1,4,1,0,0.239,centro,0
b049b733-8313-4c08-a4e9-d75cc3327489,50,F,3746.17,secundaria,1,1,2,1,1,0.298,centro,0
f010020c-475a-4a17-b314-39f988b0a1b2,31,F,1115.73,secundaria,0,0,3,5,1,0.177,sur,0
e2eccc34-c513-4f07-8acc-7e2514011d82,38,F,2127.44,universitario,1,1,4,3,0,0.257,norte,1
bff73db5-f9d8-422f-bdf1-c83f407b778e,65,F,2702.98,secundaria,1,0,1,2,1,0.299,centro,1
5a65814e-4601-4148-9e51-3e46cc57479d,37,F,2910.68,posgrado,1,0,1,3,0,0.208,centro,0
0ebb9583-50bc-4197-9409-2d6e375e7850,25,F,3744.81,posgrado,0,1,3,5,1,0.172,oriente,0
cdaed6e3-50fe-4adf-bd7c-4d4e7b114050,24,F,3213.24,posgrado,0,0,2,2,0,0.113,centro,0
b9bff283-0c0f-4180-a589-978ef9f9d707,20,F,1397.59,posgrado,0,0,4,3,0,0.294,sur,1
c809028e-4a68-4b8e-9196-0776a0475209,34,F,3456.24,secundaria,1,1,2,2,0,0.188,norte,0
62b90a46-208b-4622-ae30-3a499d80b847,50,F,3732.7,universitario,1,1,1,1,0,0.15,centro,0
c23e50de-9db2-4ce2-961b-b9b9afe3822a,65,F,3671.75,universitario,0,1,2,3,0,0.132,oriente,0
d1fc7169-3731-4ea2-98f7-1d87d53b7ded,29,M,4296.94,universitario,0,1,1,2,2,0.15,norte,1
066949f9-ee84-48eb-9452-03b34b268e83,68,M,4000.71,universitario,0,1,2,2,1,0.246,centro,0
a60e79a6-7e36-48aa-b6a5-833b55fbc3e6,39,F,3551.02,tecnico,1,0,3,2,0,0.253,oriente,0
892306f1-547f-4d47-b791-23ddda247a1e,39,F,2915.8,universitario,0,0,5,3,2,0.233,centro,0
5e1a1f51-e1aa-41b4-9463-8e206a708b5c,63,M,1006.85,tecnico,1,0,3,4,0,0.207,norte,0
ba550ff5-13ec-4c54-875d-81ac057a160e,47,F,3515.54,tecnico,1,1,3,3,0,0.138,norte,1
b6315b21-4cb9-4a48-9677-e42cf65c90a8,55,M,3249.23,posgrado,1,1,5,5,0,0.164,norte,1
703d5f79-fc05-4bf0-ace4-75a45136000f,55,M,3325.89,tecnico,0,1,5,3,1,0.145,sur,0
320136c9-2582-4876-9705-b8089781affa,62,M,1467.9,secundaria,0,1,4,2,1,0.229,centro,0
f3a68b00-4b5e-4621-a073-932eeec8e587,68,M,1702.73,tecnico,1,1,4,1,0,0.147,sur,0
d357410f-d840-43c0-b1b1-4cac49ab8a3a,25,M,4263.78,posgrado,1,0,3,3,0,0.164,norte,0
03210970-18bf-42f4-a666-eb7a0b5790c3,44,F,2952.53,tecnico,1,1,3,3,0,0.191,oriente,1
ab2736de-8e12-4b4a-a569-75bac8964533,44,M,3817.8,secundaria,1,1,1,2,0,0.117,centro,0
7d0f016a-a9b5-40be-9fcd-9da44210e016,51,F,3033.98,secundaria,0,1,1,1,0,0.202,sur,0
bcc154a3-6902-404e-b796-34abf5eb239c,38,F,3035.71,secundaria,1,0,4,1,1,0.195,centro,0
6047c7b9-8076-4eb9-bda9-dc28c4cf4b95,47,M,4125.94,posgrado,1,1,4,5,0,0.259,oriente,0
e98cc80c-cc39-43e6-82c3-88a96e7cf4da,50,M,2380.75,posgrado,0,0,1,3,2,0.159,sur,0
ced96202-d822-4bc7-b9dc-ef2d7723b3f2,45,F,3115.34,universitario,1,0,1,1,0,0.135,norte,0
89f5643e-8940-4a58-9f24-1695af4cb1d3,64,M,2445.27,posgrado,1,0,2,1,2,0.181,sur,0
91d599a2-ac94-4e34-8103-b0fa495ca069,50,M,2478.6,secundaria,1,1,2,4,0,0.145,centro,1
a36b01c6-f165-4213-aa84-880a254f8219,22,F,2628.99,secundaria,1,1,1,4,0,0.202,centro,0
831b47f7-c778-4c30-b37a-0b5b26a59351,65,F,3266.56,posgrado,1,0,2,1,0,0.107,centro,0
99d5515b-8e0f-4e09-b744-abef0fa63d2f,36,M,2425.5,tecnico,1,0,5,5,1,0.17,centro,1
28c0372e-0bdd-4270-b092-a151d9b1e631,21,F,4506.91,posgrado,0,1,4,1,1,0.154,norte,0
6d2f6b1d-05c0-4f39-a819-d9e42bc24f40,52,M,1926.47,posgrado,1,0,4,2,0,0.228,sur,1
8c79797b-9c26-420f-9b58-e9ff76a4e31c,66,M,2775.75,secundaria,1,0,1,3,0,0.159,norte,0
e763df6e-4425-4bae-972a-b50cb28453ae,34,M,2472.32,universitario,0,1,3,5,0,0.113,norte,0
af988d4b-fe54-40f8-b7b7-2525e8da10db,61,F,4736.37,secundaria,1,1,1,2,1,0.19,norte,0
b661b762-7400-49e8-ac82-d5aeb8cb9840,45,F,3235.87,universitario,1,0,2,5,0,0.216,centro,0
ccb58a83-63f0-48e6-b591-5fb39e4a05f1,47,F,4238.21,secundaria,1,0,3,2,0,0.186,centro,0
e579ee67-bc4a-4447-adc2-d70eea8c4348,46,F,1217.33,posgrado,1,0,2,3,0,0.169,centro,1
29bfde4a-7ffc-421d-baca-67a556b52be1,63,F,3320.46,secundaria,1,1,5,3,1,0.166,sur,0
54a8b517-1115-4e28-8eab-b82a452bf821,23,M,4067.56,secundaria,0,1,2,4,0,0.206,oriente,0
6c93506d-0cfd-420b-a1e6-41b9a0152e84,52,M,3098.74,secundaria,0,1,5,2,0,0.156,centro,0
7afddcdb-6455-4085-8a4b-07ec491fe428,58,M,4278.58,posgrado,0,0,5,4,1,0.184,sur,0
524fd6a5-cf0c-4cd5-9b16-32732b49b7fc,54,M,2379.25,posgrado,1,1,2,2,0,0.238,centro,0
e5c5b46b-6416-4a18-a53d-cd6322f5f74f,41,F,4691.22,posgrado,1,0,2,4,1,0.135,centro,0
6ba4e9b8-55a3-43d9-afc7-72365a835c9d,46,M,5758.68,posgrado,0,1,5,3,0,0.198,norte,1
7721b6a8-853b-4728-a4df-daae1668b1a8,66,F,2564.59,universitario,1,1,3,5,2,0.111,norte,1
c42d90ed-76d1-4f2b-b290-de632c9bbd3e,63,M,2465.4,universitario,1,1,5,4,0,0.211,norte,0
6629ec6c-27d2-408f-96a7-cc385af5a8d5,48,F,4744.06,tecnico,1,1,4,2,0,0.151,sur,0
d5f3ede6-3087-425b-8bf6-74d0b6d5f833,52,F,4895.49,posgrado,1,1,5,2,1,0.251,oriente,1
1b5835a5-3603-4831-affb-1b0775f8699a,50,M,2372.57,universitario,0,0,3,3,1,0.126,oriente,1
e5a3c785-c517-4668-8fc5-3dca389ccef3,69,M,2495.78,secundaria,1,1,4,2,0,0.222,sur,0
4b778dda-b4fd-41e0-879d-dc4efeff069b,38,M,2661.86,posgrado,1,0,1,1,2,0.261,centro,1
9be0a8db-4cbf-4a5e-bd3c-d171453eda79,49,M,1386.66,tecnico,1,1,1,5,0,0.148,sur,0
a3892b99-feb5-4276-bb7d-b5e64255742d,40,F,1897.62,tecnico,1,0,3,4,0,0.157,centro,1
31549f56-38be-41a4-aaf8-d330f98d0dc8,50,M,1795.03,tecnico,1,0,5,5,2,0.153,sur,0
e32205e0-4ffc-4896-8af5-62a488facc23,20,M,2078.64,secundaria,1,1,2,3,1,0.176,sur,0
43f689cc-6a35-485c-be2a-c268aa81caea,35,F,2958.38,universitario,0,0,3,4,0,0.226,sur,1
b55ed048-c390-4be1-861c-bf750a9b4fb0,42,M,3281.06,secundaria,1,1,4,4,0,0.172,oriente,0
87835872-96da-4634-9b27-23bfc552c5f7,59,M,4860.6,posgrado,1,1,4,1,0,0.144,norte,0
18a01b8a-4bfb-448d-a069-b52656b8fc13,48,M,1801.98,tecnico,1,0,1,3,0,0.099,sur,0
ef2532af-45ca-4fc8-bf7d-73b0da8ee87f,20,M,4181.19,secundaria,0,0,4,2,0,0.28,oriente,1
e4b223bd-9f6d-4f5d-8001-9a193a7ec8a8,57,M,2743.21,secundaria,0,1,3,1,0,0.284,norte,1
7d6e7231-d56c-49ba-9d46-40ab5888c7da,63,F,2940.64,universitario,0,0,4,1,1,0.228,norte,1
8aacc40f-fb89-49af-ba78-b81e897acea2,41,M,3809.78,universitario,1,1,3,5,0,0.159,sur,0
a24cc89b-59e2-4bd3-a067-4c4d8a6ec76a,67,M,1652.73,tecnico,1,1,2,5,0,0.237,centro,1
a5087e0e-b35e-4f10-b16b-788aa25fad4f,49,M,3458.89,secundaria,0,1,1,5,1,0.247,centro,0
7e4874b3-057b-49bf-9753-32f1eb1d75d5,64,M,3199.74,secundaria,1,1,4,1,0,0.187,centro,0
c86ad794-b3e8-47fe-b4b0-cc23773ccb76,39,M,3590.94,universitario,1,1,3,2,1,0.202,sur,1
c79d4b36-7e66-44ea-a848-cf1647f92eb1,40,F,3347.0,secundaria,1,1,5,4,0,0.262,centro,0
72fa00a0-0966-4555-821e-33a211aa174d,19,M,5946.36,secundaria,1,0,1,5,1,0.118,oriente,0
fdf24c45-e4ea-4f31-a45d-2347f41370c5,44,F,2234.71,secundaria,1,0,2,2,0,0.25,oriente,0
d3e69fb4-5c58-4726-afea-8f569b0d0570,59,F,2362.8,universitario,1,1,3,3,0,0.185,oriente,0
32feb4b2-efaa-47a6-8eae-0da8e2d41999,19,M,2252.23,tecnico,0,1,2,5,0,0.144,oriente,1
55665063-773b-4923-b2c8-ca671accb581,43,M,2333.43,posgrado,1,1,2,4,0,0.148,norte,0
f6a4f1ff-681f-4135-88fd-77ecb86e9f50,34,M,2235.14,tecnico,1,1,4,3,0,0.157,oriente,1
2077a039-2527-4dd8-9da4-245a918fb8a3,57,M,4426.82,posgrado,1,1,4,3,0,0.139,centro,0
c74b7bcf-d31e-4cec-953d-d43a05e2be18,50,F,4704.61,secundaria,1,1,3,4,0,0.289,sur,0
bb9a3cee-1e45-49af-9a30-aca0e346d4da,26,M,2315.1,tecnico,1,1,5,5,1,0.225,centro,0
00896250-c4c2-446e-ba50-f22e3050178f,60,M,2001.17,posgrado,0,0,3,1,0,0.253,oriente,1
c735b695-1f36-4a9d-b16f-e75cd295b9ce,65,M,3565.7,universitario,1,1,5,4,1,0.228,norte,0
2ec46c04-ac4b-4822-87e8-03a815b6a460,56,M,2337.33,universitario,0,0,2,4,0,0.203,oriente,1
fb69b757-a02b-4157-a3ac-6e786e647b60,46,M,3759.52,tecnico,0,1,1,4,1,0.204,sur,0
eb27b1c0-0aa3-4a18-8361-2d68ecf3fb0f,59,M,3243.51,tecnico,1,1,3,3,0,0.18,centro,0
444de085-9c18-48f7-b194-c9e527373b4b,43,F,1181.11,secundaria,1,1,3,2,1,0.184,sur,0
76f120d2-11e0-4cd8-8d8e-79b701645925,52,F,4857.01,tecnico,0,0,5,1,0,0.13,sur,1
7e5f06d0-8086-4f86-af33-34c574c0ffa1,67,M,5155.05,secundaria,1,0,2,5,0,0.254,sur,1
4cde9b6e-6101-480a-acee-2dced206db4e,42,M,2264.65,secundaria,1,1,2,5,0,0.109,centro,0
7936fc08-a4d5-4128-868a-4e7b4a7d6205,41,M,2534.76,universitario,0,0,5,2,0,0.147,oriente,0
2173724f-af1d-412c-8071-8c872c204939,30,F,3343.04,universitario,1,1,2,4,1,0.301,sur,0
98aa7490-e516-42a5-bc76-4eced897b5bd,24,M,3401.35,posgrado,1,0,4,1,1,0.207,centro,1
c5612c59-9cf2-4bcb-8069-0e38a93a8806,53,F,3790.25,universitario,1,0,1,5,1,0.209,norte,0
b60657cd-a6e2-4eb8-b1a6-9db19c7395d0,62,M,5412.25,universitario,0,0,3,5,1,0.232,centro,1
3a3881ea-29a6-4f91-b43d-ecae92472a11,37,M,2787.66,tecnico,1,1,1,4,0,0.123,norte,1
201ea1b4-c658-40c8-a068-effcee59e31f,18,M,2042.04,universitario,1,1,3,2,0,0.13,centro,0
e86a1554-96b1-42f8-8ef9-bd997ad91709,25,M,1344.82,posgrado,1,0,4,1,2,0.178,oriente,1
0018c4eb-36a3-4f12-a781-a2cc02effc00,63,F,2122.88,tecnico,0,0,2,2,0,0.155,sur,0
772a589c-47a0-4ec2-9db1-4963374f47ea,33,F,2960.25,posgrado,1,1,5,2,0,0.196,oriente,0
0e01c12f-e21c-42fc-84fa-efde965c32f6,31,M,5153.47,universitario,0,0,4,1,1,0.224,centro,0
1d31b752-abdb-4428-b2de-fd2f6c7505c1,29,M,2378.87,posgrado,1,1,1,1,2,0.269,sur,0
85735ca9-9eef-4e72-b4e6-f38474a0cf23,68,F,3268.55,tecnico,0,1,5,5,0,0.241,norte,1
9f2b5c97-211d-45ac-9bad-7af971371c6b,40,F,2980.29,secundaria,1,0,2,5,0,0.15,centro,0
22b2f368-3047-45f6-af74-bbfb19cc7625,32,F,4426.07,posgrado,1,0,4,1,0,0.181,sur,0
5516f6a1-0163-457e-b387-e545c951d41d,45,F,6032.32,posgrado,1,1,5,3,0,0.168,norte,0
64096fe3-a7ab-4956-bb9a-c1c0548f4355,51,M,2362.96,tecnico,0,1,4,5,0,0.149,norte,0
5bdf6039-8a20-4573-a32a-ebb79d9e6047,19,F,2412.67,tecnico,1,1,4,3,1,0.138,oriente,0
c0801fce-6cf0-457e-b41d-85e4f9815e23,49,M,4252.99,posgrado,1,0,2,1,0,0.283,centro,0
1c883923-fb83-42bd-8f4e-07d9025adbd9,40,F,3818.27,universitario,1,1,3,5,2,0.201,norte,0
c830a891-d3db-4579-aa99-c40e35b7f2c2,39,F,5216.05,posgrado,1,0,5,2,0,0.189,sur,1
8dca4d1f-7af3-4b89-97d7-1bb2c3995693,68,F,3700.71,tecnico,1,1,2,1,0,0.224,norte,1
a102596f-833a-4588-9ec9-707f72300c41,42,F,2568.85,secundaria,1,1,4,4,1,0.227,norte,0
c72b2ee3-02f0-4583-981e-97a8db5942d5,39,F,3708.79,secundaria,1,0,2,3,1,0.256,oriente,1
f3afe969-2ea6-4bb7-b27e-be288e345c90,39,M,4330.44,universitario,1,0,3,1,1,0.163,oriente,0
7e657aad-294b-4c2c-a845-98b4234acea4,66,M,3984.58,posgrado,1,0,5,1,0,0.22,sur,0
440253f3-3208-4942-9964-7637ae434d36,69,F,3608.73,secundaria,1,0,3,5,0,0.154,oriente,0
dca900a9-fc1c-414f-a948-350adab60645,59,F,4280.01,posgrado,1,0,1,5,0,0.19,norte,0
9f367a61-4b79-4a0e-ad0c-20bb292fc352,23,M,4403.15,tecnico,0,0,5,5,0,0.203,norte,0
9eaee767-944b-42c2-9c5e-f5a6697171bc,32,F,4658.59,secundaria,1,1,3,4,2,0.208,oriente,1
ed08b5d1-3f1e-4ae5-828f-18045803d0e0,60,F,3778.45,universitario,1,1,4,5,0,0.206,norte,0
28822c4c-e588-4de8-9bbe-5cd8cab6ac37,54,M,2799.46,tecnico,1,0,5,1,0,0.24,norte,1
6db7dce7-6fc5-4b3a-9ca5-8620b9d1c8dd,50,F,3176.06,universitario,0,1,5,5,0,0.17,sur,0
cc5d65fd-3b60-40f0-87eb-a110d6261be8,25,F,4447.81,tecnico,1,0,2,2,0,0.209,oriente,1
2de3eb70-a0d8-4006-9d55-0f0e3aa0d17c,61,M,2019.68,secundaria,1,1,4,5,1,0.162,norte,0
b1fa57fd-0b77-424b-8340-baf2387fb398,61,M,3442.41,universitario,1,0,1,4,0,0.346,oriente,0
975bbacc-8e95-47c2-a7cd-0d8794b99693,22,M,2527.99,universitario,0,1,3,2,0,0.154,sur,0
dc8acc93-eb33-43d3-934c-d5dd669e61b9,56,F,3034.49,tecnico,1,1,2,1,2,0.165,oriente,0
f05101a2-d59f-4a7b-925e-b0e1a6940808,21,M,4534.14,universitario,1,1,3,1,1,0.244,norte,0
ef91a9d2-0dcb-4266-b7b3-19b086d529de,23,M,3229.32,tecnico,1,1,1,3,0,0.179,oriente,1
14ba154d-eb24-4efe-9961-5382b5e1e385,62,M,3055.72,tecnico,1,0,1,2,1,0.244,norte,0
50100bca-c15b-45cf-b983-1e85b481e23d,49,M,1368.17,tecnico,1,1,5,3,0,0.208,norte,1
dc1ced74-b508-438e-9df5-6d32ca432cf8,69,M,3895.5,tecnico,1,0,1,2,0,0.18,norte,0
6acaefb9-312e-44b8-9b9f-3ec9eb471102,47,M,3774.58,secundaria,0,0,3,2,0,0.162,sur,1
13234312-5766-46a0-b6be-d5480eb6f9ad,64,F,5595.91,tecnico,1,0,4,4,0,0.161,oriente,0
3618d8b4-de71-4d92-bd3a-845fb5d7b4a9,52,F,2630.67,posgrado,1,1,4,3,0,0.18,sur,0
e5c23923-0b43-4863-98a4-78d9d703cada,57,M,3262.98,universitario,0,0,5,4,1,0.191,oriente,1
30c0fb47-be96-4f4e-96ad-24cda1d5e2a6,69,M,3299.26,posgrado,0,1,3,2,0,0.158,sur,0
57278850-929e-45b6-805c-f94965d78acb,33,M,4892.94,secundaria,1,1,3,1,0,0.195,centro,0
a75741c0-8d63-4e02-873c-69512370734f,30,F,2885.65,posgrado,1,1,1,2,0,0.145,norte,0
80afeba8-76f0-4102-b2d2-59f4a70ce5f6,67,F,3334.83,universitario,1,1,3,4,0,0.238,norte,0
befa1591-287a-4039-804b-7cb90965643c,59,F,3729.48,posgrado,1,1,2,3,0,0.247,sur,0
30787e18-7d76-4954-8dd3-5317e6380c9f,47,F,3223.93,secundaria,1,0,1,3,0,0.165,centro,1
e234e0dc-ef59-442e-b127-ae3cba7e81ce,36,F,2464.28,tecnico,1,0,2,4,0,0.162,norte,0
e6349968-2d0b-4bc8-b014-c20020307c24,34,F,3232.91,posgrado,0,0,5,3,0,0.209,oriente,0
4845d06f-168e-4c18-bd33-aa87044927c5,36,F,4288.36,secundaria,1,0,4,5,0,0.263,sur,0
e122ba33-5dbe-4248-aabf-8251283bed0b,45,F,1768.18,secundaria,1,0,5,1,0,0.274,norte,0
1feadb08-a9e2-4af2-8fda-716eb1980433,43,F,3159.56,universitario,0,0,4,1,0,0.13,norte,0
0709a746-1a72-4c7f-8a1b-987e85095836,54,M,2159.86,universitario,0,1,5,1,0,0.25,sur,1
5e7f0aed-39ce-4a05-835e-15cd5fcef514,43,M,4434.06,posgrado,1,1,3,3,1,0.197,sur,0
0de94286-86e9-420b-b98b-38ec2d6ed60b,40,M,1172.18,tecnico,1,0,2,3,0,0.198,oriente,1
849869aa-fbc6-4138-8ba5-61d0161b0eff,26,M,2329.29,secundaria,1,1,4,2,0,0.225,oriente,0
e890ea6e-617b-4ce0-aa6a-77efd77be9dd,29,F,3452.65,posgrado,1,0,1,2,1,0.176,norte,0
2e27d0d7-d8e7-4f37-8fa8-0f943e8fb1c3,18,F,4878.63,secundaria,1,1,2,1,1,0.255,norte,0
c5600bc8-e462-45f2-b36f-a3e28e483cef,18,M,2921.1,secundaria,1,1,1,5,0,0.271,sur,0
3ed5b48a-d199-4012-b389-093eb28e513c,64,F,2333.76,tecnico,1,1,2,2,1,0.273,norte,0
cb268969-7fb7-40f6-8987-e0ebae3e221e,51,M,5257.39,tecnico,1,1,2,2,0,0.108,norte,0
30ecc52f-1db1-4b0d-8967-3fc32564293b,49,F,1262.38,posgrado,0,1,5,3,0,0.189,sur,1
48235a47-a2d5-44c6-bf96-5e1e444643e8,65,M,361.43,tecnico,1,1,4,5,0,0.103,norte,0
edf69511-ff93-4973-9040-d0f4a427da94,42,F,3528.02,tecnico,1,1,4,1,1,0.162,norte,1
e563c344-2150-4416-99f8-1000af3d3fa2,57,F,2397.53,posgrado,1,1,2,2,1,0.08,centro,0
2d14b0b9-d472-4955-ac35-00d3fcceaa5d,62,M,1774.52,tecnico,1,1,3,5,0,0.223,oriente,1
c93add34-c64a-4500-8894-0682d9581184,18,F,3850.03,universitario,1,0,3,5,0,0.211,sur,1
